معرف المهمة,اسم المهمة والمخرج,المسؤول,الأولوية,الفئة,تاريخ التسليم,الحالة التشغيلية,نسبة الإنجاز,حالة التسليم
ID-14,تجهيز وتسليم CG اليوم الوطني لسامر,مهند الزهراني,عاجل جدًا,أسبوعية,15 سبتمبر,قيد التنفيذ,40%,مستحق اليوم
CR-01,برومو وثائقي فيلم الرياض,مشاري العرفج,عادي,شهرية,15 سبتمبر,قيد التنفيذ,40%,مستحق اليوم
CR-02,إنتاج برومو الموانئ البحرية,سلطان البقمي,عادي,أسبوعية,15 سبتمبر,قيد التنفيذ,50%,مستحق اليوم
CR-04,تسليم مقطوعتين موسيقية,مؤيد الحزيم,متوسط,أسبوعية,17 سبتمبر,قيد التنفيذ,0%,قيد التنفيذ (متبقي 2 يوم)
ID-13,هوية الفيز لليوم الوطني,سامر الشافعي,عاجل جدًا,أسبوعية,17 سبتمبر,تم الإنجاز,100%,تم التسليم في الموعد المحدد
ID-03,تحديث قالب البورصة العقارية [أبو حزام],مهند الزهراني,عاجل جدًا,أسبوعية,16 سبتمبر,قيد التنفيذ,80%,قيد التنفيذ (متبقي 1 يوم)
ID-09,تقرير 3D لقصة الرجل المسن,عمرو الجزيري,متوسط,أسبوعية,16 سبتمبر,قيد التنفيذ,40%,قيد التنفيذ (متبقي 1 يوم)
CR-03,حزمة بروموهات اليوم الوطني,مؤيد الحزيم,متوسط,أسبوعية,14 سبتمبر,قيد التنفيذ,60%,تأخير: متأخر 1 يوم
ID-06,أعمال اليوم الوطني 2D/3D (مودة),حسام قاسم,عاجل جدًا,أسبوعية,13 سبتمبر,قيد التنفيذ,90%,تأخير: متأخر 2 يوم
ID-02,تحديث هوية برنامج الراصد,محمد الشهراني,متوسط,أسبوعية,25 سبتمبر,قيد التنفيذ,90%,قيد التنفيذ (متبقي 9 أيام)
ID-07,موشن برنامج هنا الرياض [يومي],محمد فوزي,متوسط,يومية,13 سبتمبر,تم الإنجاز,100%,إنجاز يومي دوري منتظم
ID-12,هوية الاستوديو Virtual لليوم الوطني,محمد الشهراني,عاجل جدًا,أسبوعية,17 سبتمبر,تم الإنجاز,100%,تم التسليم قبل الموعد بـ 3 أيام
ID-15,تحديث هوية برنامج أدوات,محمد الشهراني,متوسط,أسبوعية,17 سبتمبر,تم الإنجاز,100%,تم التسليم قبل الموعد بـ 3 أيام
ID-11,هوية استوديو زيارة ولي العهد إلى مصر,محمد الشهراني,عاجل جدًا,أسبوعية,14 سبتمبر,تم الإنجاز,100%,تم التسليم في الموعد المحدد
ID-10,استلام ستينغ زيارة ولي العهد,عمرو الجزيري,عاجل جدًا,أسبوعية,14 سبتمبر,تم الإنجاز,100%,تم التسليم في الموعد المحدد
ID-04,تحديث هوية وقوالب Vizrt,سامر الشافعي,عاجل جدًا,أسبوعية,12 سبتمبر,تم الإنجاز,100%,تم التسليم في الموعد المحدد
ID-08,هوية فيلم الملك سلمان,عمرو الجزيري,متوسط,شهرية,13 سبتمبر,تم الإنجاز,100%,تم التسليم في الموعد المحدد
ID-01,موشن جرافيك اليوم الوطني,محمد عبدالحميد,عادي,أسبوعية,12 سبتمبر,تم الإنجاز,100%,تم التسليم في الموعد المحدد
ID-05,هوية اليوم الوطني 3D,عمرو الجزيري,عادي,شهرية,01 سبتمبر,تم الإنجاز,100%,تم التسليم في الموعد المحدد
ID-16,جرافيك فيلم عسير [الأخبار - علي دكام],حسام قاسم,متوسط,أسبوعية,2026-09-19,قيد التنفيذ,0%,قيد التنفيذ (متبقي 3 أيام)